"pathway","mean_log","median_log","IQR_log"
"Air",3.19479129940382,1.84624720613612,5.9427993751267
"Water",0.434063722775854,0,0
